{"data": {"tensor": {"shape": [1024], "values": [723.0648755088488, 3963.7443810380682, 849.5328711905651, 5154.4022206205145, 4152.9103891230425, 1365.2914902099703, 3372.306274866266, 2449.8980461280835, 1170.1238996015488, 5628.717574762754, 3277.3565580419663, 9051.842356159046, 8539.145314289884, 83.46623875700675, 562.6186390462703, 2629.3505676233403, 4743.138432375243, 3017.6873808659093, 7894.149264643353, 114.78192388492815, 7857.996593014604, 2663.2626847880038, 9618.079423289375, 4357.105054077113, 1179.70150665261, 5484.242157614588, 9500.893637691037, 6921.993579221739, 4804.837990961202, 7589.027358581443, 7894.7537868505215, 4997.65933189598, 6467.213777431572, 6787.981410439189, 8081.450524490683, 6883.026368318629, 3405.62800933043, 2933.87709075942, 2665.6771099848047, 3314.2671173325184, 3599.4363781561033, 4646.339631475109, 4497.383111013993, 9333.271954802465, 7487.356208871576, 379.87807773095955, 2535.7652652822285, 6656.814853975097, 6883.669624322206, 8174.670629765233, 6650.844802611931, 6299.2729632682485, 727.7038639117204, 8687.26979565639, 2390.268781659086, 755.7075709528079, 1741.403728098669, 5180.393328962367, 3371.5916010107453, 8116.957392268576, 7446.50264825362, 5818.710918930904, 7951.170605938853, 1185.7361254636994, 9563.07627320039, 7999.249994860074, 3083.5716757311448, 5601.207798348288, 7729.302627315494, 9865.171921409332, 1544.789609068165, 1642.36037108843, 1744.709145137602, 9509.487741931414, 7108.4198697816655, 8464.19711604015, 3175.391257805979, 9055.476430467894, 4623.28549714708, 2786.438066551695, 2888.846339124694, 6459.091748777397, 7146.1647826326935, 2048.3443222927294, 2280.086537260646, 8477.828139663266, 3633.946746282545, 7975.439196425889, 9850.05748189649, 4299.855359249091, 3272.7690887132117, 4901.660119410206, 8903.718396746273, 3813.699404113906, 9911.889155464649, 2678.3160291767545, 5475.306855825577, 7510.300978684579, 7470.010050666112, 5819.632444390674, 9109.057500553916, 6161.616070719232, 6675.3222934021305, 4741.065610176453, 7383.203718091747, 9152.124418964131, 3719.7568593355777, 6437.002489712242, 9102.525515642217, 239.81671971427437, 4296.9452249870565, 5293.09493208732, 6331.214592973101, 4703.106273669948, 894.7081473582347, 8355.573501841693, 2203.0234409553527, 7485.171686126763, 7248.327693943136, 8133.606893070315, 4326.6493930025235, 2725.8640658748513, 8696.461692308874, 4473.986497991694, 9821.050348541732, 4042.24146067109, 3326.3891861418397, 2551.775601382042, 7308.246853318365, 4526.815081453664, 4003.7265806727796, 4770.352133845725, 7112.338483807709, 6333.684113971872, 1440.6423325438093, 4262.5951227740425, 2717.8995803008825, 8449.22166666098, 7171.686053560336, 8677.560695319624, 4453.8901526688005, 5506.165303149481, 7441.538187717168, 9127.387287686835, 6930.707324378577, 1630.4009063650128, 7794.745202236155, 4577.134326988202, 137.005854163325, 8201.20679683374, 283.5003611825568, 448.95002716153607, 2351.531514233482, 2822.867406982424, 439.923870193282, 6003.171429429479, 509.5758074962664, 2909.4638104962132, 7965.892396085687, 4445.343131568111, 3953.1336612436694, 6888.599912354513, 791.8392044981025, 2432.5118827462425, 3330.3658923693724, 4906.935389392443, 7753.709680369851, 5600.429446306973, 257.9783100311806, 4425.348410681438, 3546.4707503620857, 3135.019413813708, 5950.845622362505, 2834.6999633340956, 2016.6040040861758, 5903.372743172333, 2777.73969626576, 766.1137241649857, 1.6150963757769787, 4747.491883996349, 5610.310247822038, 7260.27047766226, 5075.204263615484, 5703.257343330321, 9137.448086111146, 8650.28965960069, 5776.862675625657, 5709.855205338724, 6715.184235846965, 735.1906704677453, 8123.28041425976, 5606.550840677373, 6502.632611300353, 7181.840087325981, 3912.071353337292, 673.2216448970531, 7080.748813834426, 9828.371551968823, 1954.0350978194033, 248.42004071548513, 5698.98969998811, 7171.617805847066, 1012.77976982544, 4663.391866541668, 4971.203590312095, 8253.067323602858, 5497.101238576363, 3237.9985972249415, 3841.6565371158413, 835.2265908227644, 3504.408037373641, 236.50262606420267, 558.2124939083375, 8228.700806338033, 9560.557931263613, 7972.50664888217, 990.9474421653649, 4162.998562824622, 9459.821737433454, 7546.123687400439, 8650.954668531638, 7760.49365051457, 1016.4112112352182, 7634.136096837467, 2067.255536830798, 2344.854401075936, 7658.250551832961, 6051.9576153144735, 5109.849957052839, 3945.58850710251, 6362.429745391705, 554.3046966698432, 6981.584233994006, 9528.920193748461, 7321.696743784928, 1786.8748087205506, 9597.533350825299, 974.4222135295523, 869.1703842495176, 3600.9019751938345, 2556.437600184908, 4749.462329957527, 6217.674634652853, 27.305923585203384, 9444.681770772646, 1593.7365955394969, 1006.8300706614029, 185.79321891122876, 596.9409958643336, 3641.142336908725, 9161.608561752486, 6023.947092003965, 8593.24795219464, 4781.707653929111, 7995.902950133888, 2889.1269027396347, 8779.55611528302, 1715.1192143388723, 7226.244084896304, 3882.819947409038, 8614.800106653838, 6397.793856319803, 9970.521850723784, 2607.713184610094, 8542.406898979945, 6767.104912990752, 7336.832198645814, 2269.5303494416535, 9788.47487554704, 6319.216860605179, 3109.90089365229, 7514.6000394307475, 2945.2768317512323, 8165.587948198718, 3266.7938074745994, 5637.227760198213, 3640.515953750559, 9478.091414003726, 7033.388209227197, 7869.630058513271, 864.7730625318885, 7560.434455996577, 4933.481597978999, 448.1612733493326, 4563.665343707139, 4939.184117802394, 1409.7386140497847, 6922.014974919364, 7847.206413774656, 1396.3901967182517, 576.6882183253881, 8551.862326581655, 1080.9410836342051, 8108.11419243264, 1202.2127976847146, 915.5606105953852, 3020.852788178996, 1294.2446517823766, 3511.7219112513894, 5066.048958502422, 2124.1058466029613, 9487.749616485622, 1806.3141902343816, 8199.23225014157, 1786.41681124177, 2914.558751203354, 4911.4772540778, 6306.511078302178, 8931.401236811362, 7076.274829712821, 8660.129950951543, 373.97306434082566, 3517.740301578177, 7476.647840882273, 2827.471225111461, 7434.4158762321895, 1256.980223450575, 7154.648150693356, 30.749593222131384, 5550.793817048377, 6990.14501907239, 548.571603638422, 5344.897356990847, 9308.140883642913, 3150.742942043366, 8891.839723190536, 3556.6275340830216, 1254.0013018651562, 8386.100609278004, 757.3665124048142, 542.9722910250707, 4893.481976527646, 6097.885589751538, 1974.0892948403646, 3221.516273657888, 5547.1979064928455, 941.1757024119435, 6939.232089350896, 696.1885702974016, 2457.786063596727, 4495.790760692541, 8490.709573600183, 7491.8145149459915, 2019.7316227417107, 4033.690572042458, 1449.0995915341728, 5690.760964970387, 4757.506142606599, 4739.090136851964, 3610.006782796025, 7614.9543785931955, 7345.031575440962, 3860.442426000868, 6542.2900411505825, 1796.0854434297596, 6193.399933355722, 9153.816664064447, 2171.7747874435977, 2837.640119409165, 1533.9617120832456, 6545.007977033577, 2337.9267019098097, 734.9993003823988, 44.07209827618624, 2382.704245290376, 1180.3597359731739, 6760.9112744116155, 869.4561589814818, 1788.940742089185, 7932.236732243812, 9902.54407526302, 8298.04460663971, 6781.4733881191805, 7662.26143205568, 1296.0827494541606, 1498.0066589800838, 5376.393700427281, 9195.608496180828, 3280.608823229409, 2260.5949798756023, 8776.474767163852, 515.0074701379582, 3702.237945808052, 926.5036809926559, 495.47761593433125, 7927.520078366186, 2368.607947276203, 9831.647035457974, 689.5317003437506, 5548.5160955340525, 4670.77629446219, 9997.169414484028, 244.08954810246001, 8719.115016616945, 3013.8992549338773, 9583.139047455703, 6744.092257075707, 7804.542970647936, 6305.08803022902, 8094.17300560448, 7800.393280459196, 8061.985305132725, 2610.587452557996, 8066.639375687168, 8134.402733372025, 571.856874460111, 5449.774960619002, 7700.013598820882, 2308.347948324588, 7100.5770652919255, 580.4025102177937, 9679.341881673288, 7472.372569885327, 4551.281162737208, 2234.3609270753677, 